A_23_P342744,A_24_P246891,A_23_P24535,A_23_P75362,A_32_P76399,A_23_P102973,A_23_P133332,A_23_P257335,A_24_P192988,A_23_P151106,A_23_P120970,A_24_P810290,A_23_P131825,A_23_P206684,A_32_P32061,A_23_P79122,A_23_P368278,A_23_P13344,A_23_P401709,A_24_P67308,A_23_P430381,A_24_P297119,A_23_P320530,A_24_P649282,A_23_P27229,A_24_P766208,A_23_P147255,A_24_P380679,A_23_P256773,A_23_P75529,A_32_P230828,A_23_P104641,A_23_P101871,A_24_P63563,A_23_P436369,A_23_P325690,A_24_P216765,A_23_P359245,A_23_P57370,A_24_P7085,A_23_P119295,A_23_P123555,A_23_P304386,A_32_P49616,A_23_P65068,A_24_P12932,A_23_P251680,A_24_P91472,A_23_P168443,A_23_P71981,A_24_P386323,A_24_P327050,A_23_P27075,A_23_P77031,A_23_P104676,A_23_P163955,A_23_P50919,A_24_P310009,A_23_P131394,A_24_P690983,A_23_P41716,A_32_P215714,A_23_P254741,A_23_P98605,A_23_P90383,A_23_P31064,A_24_P303454,A_24_P271542,A_32_P155506,A_24_P257359,A_23_P150069,A_23_P388914,A_24_P116710,A_23_P1926,A_23_P635,A_23_P38887,A_23_P154605,A_23_P7744,A_23_P207387,A_23_P146908,A_23_P21485,A_23_P69431,A_23_P44794,A_23_P430181,A_23_P113184,A_24_P289029,A_23_P138881,A_23_P113623,A_23_P29318,A_23_P106822,A_23_P14886,A_23_P164421,A_23_P3562,A_23_P132248,A_24_P395042,A_23_P6456,A_23_P112548,A_23_P17354,A_23_P60324,A_23_P83976,SurvivalDays
LIX1L,NEU4,TTC12,IFITM10,EIF3L,DGCR14,MRPS27,KHDRBS3,CCDC89,PHB2,TTLL1,PPAPDC1A,TNNC2,WWP2,C2orf27A,USE1,FCHSD2,EEF1G,C20orf196,RPL19P12,LYSMD1,OLIG1,ZNF780A,LUZP2,MYO15A,RPL3,PCBP3,C7orf53,TSSC1,PKNOX2,GAS5,C11orf2,FBXO17,KIAA0141,FILIP1,ANKRD35,TOMM20,MET,CECR5,RPL29P2,ECSIT,CYHR1,HIGD2A,EEF1B2,EID3,MRPS16,COMT,ALKBH7,EPHB4,ERAL1,RABEPK,TRAPPC2L,GABARAP,PTPN21,SF3A1,PEMT,SERPINE2,USP43,SLC16A14,LOC96610,GNB2L1,RPL6,SOD3,UBXN1,RPL18A,MOXD1,TIAM2,C22orf32,UBE2E2,RPL15,ANKRD16,CCDC101,RAMP2,SDHAF2,PMF1,EIF3G,SULF2,SPATA9,GHDC,STX8,PID1,RPL4,RAB3C,ZBTB3,FTO,TBC1D5,ACTN3,MRPL45,SAMM50,NOB1,GNPTG,ZSWIM7,SLC7A6OS,ZMAT5,EIF3F,NOL12,HDHD3,GDAP1L1,UBAC1,CEP112,
Lix1 homolog (mouse)-like,sialidase 4,tetratricopeptide repeat domain 12,interferon induced transmembrane protein 10,"eukaryotic translation initiation factor 3, subunit L",DiGeorge syndrome critical region gene 14,mitochondrial ribosomal protein S27,"KH domain containing, RNA binding, signal transduction associated 3",coiled-coil domain containing 89,prohibitin 2,"tubulin tyrosine ligase-like family, member 1",phosphatidic acid phosphatase type 2 domain containing 1A,troponin C type 2 (fast),WW domain containing E3 ubiquitin protein ligase 2,chromosome 2 open reading frame 27A,unconventional SNARE in the ER 1 homolog (S. cerevisiae),FCH and double SH3 domains 2,eukaryotic translation elongation factor 1 gamma,chromosome 20 open reading frame 196,ribosomal protein L19 pseudogene 12,"LysM, putative peptidoglycan-binding, domain containing 1",oligodendrocyte transcription factor 1,zinc finger protein 780A,leucine zipper protein 2,myosin XVA,ribosomal protein L3,poly(rC) binding protein 3,chromosome 7 open reading frame 53,tumor suppressing subtransferable candidate 1,PBX/knotted 1 homeobox 2,growth arrest-specific 5 (non-protein coding),chromosome 11 open reading frame 2,F-box protein 17,KIAA0141,filamin A interacting protein 1,ankyrin repeat domain 35,translocase of outer mitochondrial membrane 20 homolog (yeast),met proto-oncogene (hepatocyte growth factor receptor),"cat eye syndrome chromosome region, candidate 5",ribosomal protein L29 pseudogene 2,ECSIT homolog (Drosophila),cysteine/histidine-rich 1,"HIG1 hypoxia inducible domain family, member 2A",eukaryotic translation elongation factor 1 beta 2,EP300 interacting inhibitor of differentiation 3,mitochondrial ribosomal protein S16,catechol-O-methyltransferase,"alkB, alkylation repair homolog 7 (E. coli)",EPH receptor B4,Era G-protein-like 1 (E. coli),Rab9 effector protein with kelch motifs,trafficking protein particle complex 2-like,GABA(A) receptor-associated protein,"protein tyrosine phosphatase, non-receptor type 21","splicing factor 3a, subunit 1, 120kDa",phosphatidylethanolamine N-methyltransferase,"serpin peptidase inhibitor, clade E (nexin, plasminogen activator inhibitor type 1), member 2",ubiquitin specific peptidase 43,"solute carrier family 16, member 14 (monocarboxylic acid transporter 14)","BMS1 homolog, ribosome assembly protein (yeast) pseudogene","guanine nucleotide binding protein (G protein), beta polypeptide 2-like 1",ribosomal protein L6,"superoxide dismutase 3, extracellular",UBX domain protein 1,ribosomal protein L18a,"monooxygenase, DBH-like 1",T-cell lymphoma invasion and metastasis 2,chromosome 22 open reading frame 32,ubiquitin-conjugating enzyme E2E 2,ribosomal protein L15,ankyrin repeat domain 16,coiled-coil domain containing 101,receptor (G protein-coupled) activity modifying protein 2,succinate dehydrogenase complex assembly factor 2,polyamine-modulated factor 1,"eukaryotic translation initiation factor 3, subunit G",sulfatase 2,spermatogenesis associated 9,GH3 domain containing,syntaxin 8,phosphotyrosine interaction domain containing 1,ribosomal protein L4,"RAB3C, member RAS oncogene family",zinc finger and BTB domain containing 3,fat mass and obesity associated,"TBC1 domain family, member 5","actinin, alpha 3",mitochondrial ribosomal protein L45,sorting and assembly machinery component 50 homolog (S. cerevisiae),NIN1/RPN12 binding protein 1 homolog (S. cerevisiae),"N-acetylglucosamine-1-phosphate transferase, gamma subunit","zinc finger, SWIM-type containing 7","solute carrier family 7, member 6 opposite strand","zinc finger, matrin-type 5","eukaryotic translation initiation factor 3, subunit F",nucleolar protein 12,haloacid dehalogenase-like hydrolase domain containing 3,ganglioside-induced differentiation-associated protein 1-like 1,UBA domain containing 1,centrosomal protein 112kDa,
-0.0999,-0.96104,0.28358,-0.31814,-0.26628,0.36883,0.35206,-0.030464,1.2677,0.2842,0.33428,-1.3774,-0.39923,-0.35152,-0.58922,0.88509,-0.39792,-0.13389,0.019343,-0.09544,-0.30895,-0.39623,0.040923,-0.019413,0.25453,-0.2292,-1.6805,-0.25983,-0.07909,-0.17432,-0.86087,-0.12948,2.2519,0.093668,-0.15533,0.85879,-0.15778,-1.2001,0.17944,0.24917,0.35386,0.2649,0.46931,-0.57592,0.43368,-0.13308,0.58839,0.0994,1.3321,0.58798,-0.32072,0.16845,-0.075378,1.0012,0.036353,0.59748,-0.51073,-0.041264,0.37278,0.060726,-0.000166,-0.28164,0.5783,-0.39544,0.48477,1.2345,-0.27501,-0.092758,-1.5172,0.0069513,-0.17896,0.30589,1.4456,0.3003,0.31835,0.77016,-0.98812,0.06062,0.4756,-0.23146,-0.43073,-0.28731,-2.686,-0.39031,0.044669,0.55394,0.93103,-0.10012,0.35764,0.09647,0.5293,0.26935,-0.27185,0.60675,0.1732,0.15672,-0.52653,-1.4636,-0.68442,1.3675,1024
1.0914,1.6402,-1.4203,-0.54017,-0.089449,1.1947,0.41906,-0.2315,-2.9429,0.78913,0.020672,-0.53757,0.33798,0.20517,1.3797,0.2527,0.72347,1.0564,0.59606,0.36873,0.79606,0.46853,-0.5272,-0.21445,-0.60199,0.088446,0.10635,0.38749,0.23847,-0.5567,1.0907,0.51149,-1.0179,-0.66063,-0.16462,-3.562,0.30205,-1.2247,1.1536,0.20103,0.25048,0.84438,-0.32265,0.37101,-1.9399,1.2005,0.3499,0.21645,0.63239,0.58373,0.53338,0.13592,0.91254,-0.31443,0.6865,0.7074,-0.68065,1.1199,-0.31526,-0.74571,0.42956,0.051414,-0.40891,0.69515,0.70523,0.12308,-2.0176,-0.25252,0.76665,0.32446,1.4947,1.3931,0.51131,0.98702,1.2302,0.013723,-0.54296,-1.0127,0.15828,0.50307,0.13316,0.85481,0.41148,0.83259,-0.23951,-0.68326,-0.55869,0.84348,0.30874,1.2048,-0.33532,-0.23286,0.10913,-0.389,0.58261,0.051917,-0.86859,0.66785,0.22564,-1.6362,878
-0.37438,1.7162,0.17951,0.75482,0.4971,-0.032995,-0.055672,0.18297,-0.71323,0.055413,-0.28514,0.18269,1.4787,0.8979,-0.41047,0.71555,0.39956,1.3424,0.20446,0.83722,0.46762,0.78595,-0.20188,0.22071,1.0686,0.87478,0.86073,-0.81047,0.34899,0.32644,1.7918,1.1872,-0.074995,-0.49475,0.065176,0.71212,0.6668,0.47288,0.030925,0.86201,0.80894,0.59581,0.28482,0.77556,0.093965,0.60598,0.6708,1.0254,-1.5024,0.097918,0.49578,0.5117,0.55881,-0.54793,0.35057,0.23775,-0.48093,0.24373,0.17731,0.0037155,0.49889,0.43168,0.25821,0.7057,1.3071,-0.76848,2.063,1.2825,-0.086072,0.91596,0.075888,0.023931,-1.0932,0.55089,-0.039975,0.54091,-0.71258,-0.54831,-0.32251,0.4946,0.60855,0.63514,0.27982,0.11583,0.531,-0.0018401,-0.56351,0.3723,0.054446,0.0086102,0.35889,0.70263,0.1669,0.31794,0.50596,0.3873,0.30912,1.3893,0.70343,-1.2041,356
-0.57938,-0.32843,0.099646,-0.61796,-1.4039,-0.91695,-0.88676,-0.74661,0.46897,-1.1261,-1.5219,-0.45909,-0.45393,-0.57379,-0.89123,-0.32535,-0.98198,-0.9676,-0.64296,-1.3656,-0.87687,-0.61164,0.75449,-4.3811,1.4051,-0.7771,0.10457,0.80205,-1.3419,-0.019046,-1.3826,-1.5807,1.1927,-1.203,0.73459,0.052181,-1.24,-1.0306,-1.2852,-1.0075,-0.8674,-0.76539,-0.74215,-1.2322,0.015261,-1.1528,-0.64469,-1.118,1.5337,-0.41142,-1.161,-0.87437,-1.3373,0.055879,-0.56681,-0.72688,-0.06127,-1.2897,0.92819,-0.47039,-0.69044,-1.1314,-0.22238,-1.5662,-0.83626,-0.23066,-1.1009,-1.6368,-2.539,-1.153,-0.55273,-0.7276,-0.37556,-0.95716,-0.87077,-0.2814,-0.57955,-0.076643,-0.80707,-0.93475,-1.2587,-1.2508,-0.86681,-0.20752,-0.55857,-1.4913,1.5928,-1.2614,-1.4035,-0.17025,-1.1668,-1.3973,-0.61226,-0.93902,-1.2346,-1.027,0.75165,-2.2126,-1.5859,0.71737,657
0.1093,0.96732,1.821,0.017729,-0.89329,-0.21804,0.13833,0.041288,3.2372,0.10812,0.011166,0.46458,0.12577,-0.30236,-0.36959,-0.23289,-0.1708,-0.98585,0.35021,-0.96589,-0.19152,-0.0034485,0.047375,1.5822,0.3201,-0.8976,-0.78604,-0.11262,0.2041,-0.37476,-0.50512,-0.98316,0.39203,-0.23687,0.28694,1.8221,-0.24961,0.82577,-0.51848,-0.208,-0.56516,0.92179,-0.37041,-0.47299,-0.13195,0.098074,-0.84915,-0.16326,-0.08026,0.37391,0.21318,-0.031941,-0.40995,0.7062,-0.49935,0.071801,-0.2816,1.7577,-0.12157,-0.40878,-0.31526,-0.25958,0.43642,-0.93494,-0.50856,1.6481,-2.0611,-0.43996,0.14694,-0.090723,-0.43343,0.075131,-0.53735,-0.34652,0.33211,-0.15497,0.7856,-0.53368,-0.55465,-0.03187,-0.17241,-0.80973,-0.3733,-0.7308,-0.049636,-0.1098,0.19502,-0.8298,-0.19196,-0.062874,-0.7422,-0.15524,-0.31318,0.085116,-0.20843,-0.15726,0.59302,-1.4354,-0.043688,1.2318,188
0.15583,-0.2542,0.97841,-0.4683,-0.29401,-0.52826,-0.4643,-0.65913,0.30117,-0.74472,-0.52139,0.6399,0.26082,0.50781,-1.5607,0.070181,0.15073,-0.46636,-0.43537,-0.09334,0.26117,0.49138,0.26859,-1.1207,0.50472,0.037371,0.16805,0.45743,-0.14614,-1.5703,0.11015,-0.10184,-0.40874,0.34059,0.060302,0.71956,0.094604,2.3949,-0.45001,-1.1939,-0.40312,0.76301,-0.81928,0.1318,0.98355,-0.047276,0.37763,0.20031,-0.69395,-0.68507,-0.69303,0.076237,0.022001,-0.40329,-0.28342,-0.43785,-0.76362,-1.2974,-1.1418,-0.57229,-0.49991,-0.19528,-0.21289,0.094486,-0.71638,0.93152,-0.93517,-0.12844,0.086458,-0.47805,-0.35469,-0.18984,-1.5097,-0.34306,0.23582,-0.053108,-1.5366,-0.097025,-0.58489,0.15464,-0.97582,0.14118,-1.7287,1.0188,-0.40492,-0.25202,-0.068302,-0.13063,-0.0045896,-0.34833,0.35339,0.43275,0.081632,-0.80349,-0.54772,0.61399,-0.16491,-1.7039,0.40321,-0.56148,588
0.68533,2.5606,-0.46707,1.2541,0.89503,0.99867,0.099057,0.077397,-2.1939,0.46933,0.44571,1.9904,-0.16431,1.0683,1.0496,1.3747,0.90586,1.6314,0.54637,1.1924,0.85554,0.54502,-1.1969,1.721,-2.025,0.90391,0.69329,-0.96848,0.66841,0.35864,1.6701,1.4402,-0.9524,0.36532,-0.085645,-3.3718,0.62593,-3.4105,1.3542,1.3568,1.5216,-3.0688,1.066,1.2942,-2.3538,1.7599,1.031,1.5222,-0.48914,0.75158,1.118,1.1558,1.2649,0.18524,0.73948,1.2104,0.22849,0.12944,0.72077,0.69235,0.85823,0.56614,-2.7755,1.1494,1.3991,-1.9658,-2.9216,1.5161,-0.15988,0.85467,0.71889,1.4513,0.0051231,1.0461,0.67224,1.2614,1.7521,0.63205,0.80464,0.89219,1.1904,-0.16948,1.6233,0.72608,0.61378,0.048204,-0.26442,1.0548,0.88036,0.50631,1.0404,0.83392,1.1115,0.748,1.1382,0.7928,-1.1482,2.0526,0.88808,-2.3456,1234
0.06743,-0.32205,-0.50816,-1.0086,-0.27673,0.11783,-0.17162,-0.067328,0.37097,-0.18307,-0.33141,-0.095718,-0.83665,-0.4062,0.60944,-0.25481,-0.067241,-0.24674,-0.16821,-0.34735,-0.30066,-0.2078,-0.014308,-4.7717,0.62079,-0.31491,-0.41211,0.032848,0.27385,-0.093512,-0.65597,-0.43006,0.66868,-0.41028,0.40068,-0.89795,-0.26957,-0.88086,0.39237,-0.20153,-0.31209,-0.40609,-0.18589,-0.28337,0.68682,-0.69476,-0.29236,-0.49914,0.048026,0.053067,-0.26572,-0.027322,-0.70564,0.14333,-0.30943,0.41837,0.15396,-1.2392,0.33047,-0.040148,0.05383,-0.43086,-1.7022,-0.29315,-0.55729,-1.4963,0.53387,0.42007,-0.10904,-0.22219,0.000925,0.26783,0.049399,0.26542,0.11397,-0.24969,1.0652,-0.66051,-0.27449,-0.11664,0.7452,-0.2986,1.0648,0.020416,-0.26517,-0.50107,0.70212,-0.065073,0.20566,-0.16168,-0.57159,-0.65281,-0.13994,0.0035443,-0.24084,0.59415,0.40511,0.34774,-0.36804,-0.31478,385
-0.26694,1.6155,1.252,-0.24827,-0.50702,-0.17306,0.0089297,0.71642,0.92606,0.23035,0.39719,0.79772,0.17587,-0.020356,0.10769,-0.29362,-0.48691,-0.43394,0.66975,-0.45482,-0.2671,1.1229,-0.19437,1.0429,-0.24187,-0.59964,-0.87489,-0.71446,0.1827,0.7642,-0.50999,-0.37323,0.58364,-0.18681,-0.87003,0.95322,-0.34686,-0.0071373,0.090388,-0.33311,-0.33728,-0.34133,0.23176,-0.069547,0.36876,-0.60743,0.34929,0.24572,0.87585,0.32981,-1.412,-0.16606,-0.08579,-0.03296,-0.11462,0.049759,1.3158,-0.26044,0.28286,0.89897,0.12934,-0.28845,0.29582,-0.68939,-0.80263,2.5796,-0.39816,-0.14976,-0.32145,-0.24749,-0.22818,-0.052742,-0.65567,0.11224,0.083497,-0.0061307,-0.047515,0.40204,-0.33514,-0.0041485,-0.32929,-0.74757,-0.54015,-0.6771,0.0061202,0.044832,0.58998,0.18555,0.21129,0.15422,0.12336,0.12455,-0.48358,0.23859,-0.31229,-0.029903,0.34257,-1.1351,0.17844,1.1754,710
-0.50568,0.038232,-0.13844,-0.2168,-0.10091,-0.29091,0.015132,-0.2826,0.20231,-0.3975,-0.82262,-0.53748,1.0124,0.05333,-0.61802,-0.17881,-0.23049,-0.2576,-0.23692,-0.47578,-0.33821,-0.65228,0.42132,-1.1319,1.5654,-0.11873,0.25614,0.55497,-0.075688,0.015873,-0.36343,-2.5336,0.12568,-0.60347,0.21157,0.83872,-0.046574,1.4739,-0.3759,-0.41437,-0.2908,0.1074,-0.46977,0.0014572,0.37563,-0.23587,-0.35901,-1.3243,0.014343,-0.21917,-0.076611,0.12591,-0.21179,-0.11939,-0.40453,-0.22846,-0.26483,1.3957,0.21962,-0.29305,-0.65743,-0.2479,0.33381,0.056829,-0.41444,-0.44619,2.0927,-0.052516,-0.29926,-0.49119,0.36262,-0.28304,-0.95827,-0.26291,-0.33052,-0.21699,-1.2046,-0.52474,-0.55388,0.056142,-0.033522,-0.25793,-0.1695,-1.0159,0.078599,0.044288,-0.17195,-0.16569,-0.39549,-0.46088,0.0498,0.13089,-0.46693,-0.38212,-0.047728,-0.33285,0.61921,0.67866,-0.43506,0.076798,175
0.107,-0.014531,0.26592,-1.0106,-0.35904,-0.021904,0.29028,-2.1062,0.40729,0.055356,-0.10062,-0.95469,0.26438,-0.48653,-0.2229,0.59745,0.20071,-0.33064,0.40441,0.41401,-0.23534,-0.0031071,-0.14863,-1.4036,-0.11995,-0.34897,-0.67092,1.1451,-0.22117,-0.44631,-0.040421,-0.25419,1.5043,0.070016,0.41662,-0.28419,-0.21208,-3.328,0.56331,-0.15723,0.070405,-0.14776,-0.34035,-0.64834,1.6346,-0.404,-0.10049,0.084847,0.91559,-0.25037,0.35451,-0.32819,-0.64182,1.6088,-0.078846,0.18621,-0.42195,-3.8136,0.050987,-0.22384,0.12773,-0.53221,0.2506,-0.41235,0.000471,3.8054,0.09524,-0.28467,-2.6351,0.019317,-0.69477,-0.0214,-0.20391,-0.10421,-0.30502,0.32037,0.45046,0.16197,-0.5519,-0.24411,0.26785,0.015129,-2.8749,-0.49929,-0.23586,-0.17488,1.0976,0.079851,-0.052109,-0.10966,-0.353,0.055074,0.13051,0.27422,-0.13681,0.21888,0.032603,-1.7936,-0.32001,0.63135,386
-0.26827,-0.13321,-0.0058694,0.90257,-0.17301,1.0069,-0.74695,0.38651,0.13313,0.61034,-0.58707,0.83012,0.10825,0.64481,-0.83515,0.35364,-0.51512,0.60328,-0.37537,0.49095,0.14116,-0.70258,-0.77063,-6.2101,-1.5765,0.11274,1.0929,-0.18728,0.23712,0.60328,0.12342,0.44335,1.5454,-0.16749,-0.31865,1.047,0.68806,0.71465,0.87467,0.99534,0.55076,0.75193,0.75693,0.59971,-0.18517,0.89053,1.016,0.7125,0.03969,-0.069386,0.51484,0.13434,0.17225,1.1492,0.55397,0.61324,-0.60353,-3.6037,0.12402,1.2118,1.1566,-0.016709,0.070244,0.33306,0.53611,0.675,-0.63573,1.0983,-0.073461,0.55953,0.66998,0.8093,-0.51722,0.94752,0.58899,0.79564,1.0573,-1.6425,0.63135,-0.60284,0.21086,-0.65126,1.1725,0.0059795,-0.18415,-0.60615,1.6661,-0.99726,0.39692,0.5943,0.37055,-0.042073,0.29258,1.024,0.42176,1.0654,0.97098,0.31427,0.51487,-1.3786,419
-1.1082,0.22241,1.5648,-0.26826,-1.0988,0.74637,-1.5799,-0.79053,0.63532,-1.879,-1.2852,-0.062856,1.2688,-1.0048,-0.99395,-0.11869,-1.0534,-0.33701,0.000197,-0.59819,-1.551,0.006887,-0.38959,-1.5757,0.84395,-0.56442,-0.82547,1.8469,-1.4566,-0.50369,-0.34128,-1.534,0.65467,-1.1535,-0.040675,-1.1057,-1.1107,-1.0474,-1.3083,-0.146,-1.2612,-0.47762,-0.24019,-0.45215,-0.43254,-0.52327,-0.88625,-1.1164,0.89996,-0.46101,-1.0368,-0.52315,-0.65196,0.025345,-1.0707,-1.2886,-1.1573,-1.2992,0.088302,-0.075667,-0.71452,-0.31752,-0.27812,-0.73233,-0.5452,-1.18,-1.5941,-0.80603,-2.2074,-0.49447,-0.014364,0.67199,-1.0224,-1.0735,-1.2696,-0.17113,-0.42742,-1.8423,-0.8699,-0.42127,-1.4825,-1.0142,0.35718,-1.1907,-0.036316,-0.95188,0.68741,-1.6531,-1.6339,-0.94319,-1.0961,-1.0589,-0.8858,-0.40334,-0.62241,-1.0579,-0.089662,-0.4244,-1.121,0.079412,414
0.037688,-0.58765,-0.46381,-0.49211,-0.098425,0.068654,-0.18397,0.51582,-0.88327,-0.035717,-0.28191,0.030534,0.7338,0.52567,0.12447,-0.2461,0.10772,0.43509,0.42228,0.053381,-0.26954,1.3758,0.055012,1.1864,0.13448,0.27317,0.066572,0.46845,-0.14376,-0.18864,-0.36337,0.13988,-0.61476,-0.56516,-0.57856,0.36396,-0.40077,-0.35873,-0.014495,-0.10756,0.047928,0.017932,-0.29909,0.27695,-0.7437,-0.16481,-0.20966,-0.26366,0.44224,-0.10075,-0.04411,-0.51761,-0.34809,0.22147,0.059805,0.062181,-0.2264,1.378,-0.23606,-0.52051,-0.07134,0.0040479,-0.88348,0.019919,0.44067,-1.52,1.1991,0.19677,-0.49142,-0.0078297,0.061113,0.37752,-0.85212,-0.17191,0.4295,0.082651,0.17399,-0.11134,-0.93861,0.29513,-0.79757,0.015484,0.32119,0.13464,-0.051308,-0.40497,-0.22613,0.1254,-0.24745,0.12316,0.0038791,-0.030582,-0.1704,-0.24674,-0.14475,0.21518,-0.31589,0.079425,-0.12588,-0.84418,559
0.10285,1.4297,-0.50177,0.65172,1.1922,0.40837,0.3831,0.52967,-0.71428,0.76522,0.47803,0.099578,1.2761,0.32521,-0.35023,0.96991,0.96698,1.5122,0.2972,0.96069,0.69151,0.12394,-0.47858,0.35678,0.55683,0.88031,0.64625,-0.83318,0.98472,0.42827,1.8532,1.4684,-0.43752,0.26959,-0.27107,1.2171,0.5883,-0.27346,0.46548,1.5676,0.86044,0.5847,0.79912,0.98918,-0.68119,0.57347,0.79667,1.1975,-0.9448,0.52693,0.67022,0.71057,0.94579,-1.1219,0.53328,0.94303,0.43577,1.1446,0.47307,-0.32219,0.79882,0.56482,-0.098979,1.039,1.6891,-0.74356,1.1144,1.4291,0.47551,0.96804,0.50194,0.76897,0.91565,0.55387,0.48795,0.6941,-0.58324,-0.19037,0.42016,0.34546,0.40795,0.73604,0.084096,0.18429,0.71938,0.91548,-0.46309,0.26927,0.39433,0.27148,0.017614,0.065644,0.39834,0.77071,0.66028,0.46581,0.28075,2.075,0.57207,-1.267,1299
1.034,2.5315,-2.5493,0.45155,0.62916,0.49973,0.18536,0.60221,-1.0008,0.73462,0.51823,1.6592,-1.7649,0.62034,2.6739,-0.27855,0.38289,0.97232,0.12527,0.6562,-0.096469,0.86395,0.17059,0.53454,-1.1359,-0.04558,0.96217,-0.22817,0.76979,0.35433,1.0565,0.2429,-0.89785,0.27902,-0.38196,-4.4505,0.7698,-1.4477,1.0741,0.40719,0.093457,-0.94604,0.23347,0.81456,0.16323,0.28833,-0.31305,0.46617,-1.097,0.048805,2.2599,0.40841,-0.51643,-0.18657,-0.10097,0.60529,1.3444,1.8208,0.76307,1.9662,0.99794,0.74123,-3.8345,0.21496,0.37192,-2.2111,-2.9262,0.34724,0.51085,0.3778,0.41982,0.19812,0.53876,-0.014906,0.36544,0.18388,0.2827,1.4008,-0.037801,0.7058,-0.27081,0.66394,2.308,-0.17476,-0.23323,-0.78436,0.000447,0.35076,0.65641,0.91043,0.23428,0.40897,0.044604,-0.022695,-0.18543,0.94794,-1.0394,-0.90155,2.5787,0.09867,1407
-0.0049677,1.0692,-0.79588,-0.16545,0.15474,0.22665,0.099411,0.48914,-0.72101,0.021052,0.44009,0.86522,-0.39525,-0.11853,-0.08148,-0.11002,0.35504,0.47826,0.29299,0.1857,0.11436,0.8433,-0.074566,0.82805,-0.15741,0.40952,-0.44003,0.076396,-0.17584,-0.40998,0.078743,0.0081234,-0.65519,-0.074227,-1.1315,-0.83939,-0.20427,-0.35717,0.18423,-0.096738,-0.41745,0.63481,0.11469,0.084213,-0.86632,0.46663,0.54012,0.077231,0.3209,-0.02155,-0.071289,-0.086872,0.56764,0.41768,-0.27709,0.46945,-0.63885,1.4673,-0.25654,-0.11332,0.000166,-0.10719,-1.0786,0.20678,0.33101,-0.61808,0.20452,-0.094853,-0.50699,-0.0069513,0.36302,-0.0043101,0.0093274,-0.0035214,0.063119,0.29736,0.0012102,0.17548,-0.39448,0.62338,0.088433,0.15237,-0.063906,0.1025,-0.15152,0.050407,0.08638,-0.060998,0.083441,0.081687,0.25695,0.2335,0.000433,0.07751,-0.14523,0.34875,-0.56722,-0.52938,-0.035003,-1.0482,694
-0.34433,-0.56852,0.58211,-1.2632,-1.3063,-0.023503,-1.5536,-0.41053,0.18204,-0.93036,-2.5162,-0.46336,0.88971,-1.8358,-0.15926,-0.91008,-0.38635,0.014182,-0.75878,-1.0332,-0.27989,0.048077,0.19331,-4.3292,-0.015912,-1.0876,-0.5565,1.6522,-1.1636,-0.37577,-1.0452,-1.0126,0.25041,-0.74344,0.50582,-2.5064,-1.8305,6.4271,-1.0371,-0.47186,-1.0343,1.2575,-0.31875,-0.4183,-1.9095,-1.3284,-2.3883,-1.3729,1.2495,-0.24889,-1.0591,-0.4774,-1.5447,-0.70957,-1.0129,-1.3308,-0.93392,-1.3711,0.07519,-0.69415,-1.5086,-0.37665,-2.3202,-0.46568,-0.82542,-1.0573,1.7484,-1.7319,-1.7334,-0.96835,0.17487,0.30394,-0.30942,-1.4513,-0.47142,-0.80684,-1.7985,-2.9004,-0.87588,-0.154,-2.4027,-1.3286,-1.1358,-0.6142,-0.47705,-0.60317,0.52887,-1.0262,-2.3187,-1.6889,-1.4461,-1.1592,-0.37751,-1.1466,-2.1032,-0.95066,0.50341,-1.2002,-1.1946,-0.60387,162
1.4318,-1.7487,-1.1996,-0.65274,-0.18371,-0.18308,-0.077219,-0.62871,0.88433,0.073204,0.05437,-1.2094,-0.72847,-0.11294,0.79343,-0.33128,-1.0183,0.078408,0.09273,0.14047,0.2184,-0.91786,-0.36429,-5.383,-0.46054,-0.092085,-0.33981,0.44658,-0.11156,-0.75459,0.75953,0.016712,-1.6604,0.16777,-0.50901,-2.5402,0.68579,5.5443,0.17017,0.53654,-0.59305,-0.6018,0.42389,-0.16522,-1.8802,0.68393,0.15823,0.27577,1.2404,0.28306,-0.39567,0.12849,0.71336,1.1567,0.4357,0.061307,0.57514,-5.0007,-0.041766,0.36771,0.74063,0.19755,-0.5079,-0.028745,0.49881,-1.8511,-1.3189,-0.0088096,-0.12461,0.2818,-0.14057,0.18929,0.66034,0.29844,0.87583,0.076264,-1.571,-0.54629,0.38811,-0.036505,-1.8352,0.056032,-2.8678,0.070653,-0.23676,0.22433,1.1665,-0.35687,0.30729,0.26006,-0.37391,-0.29949,-0.11726,0.2453,-0.45765,-0.012242,-0.89918,-3.7035,0.0010591,0.042792,640
-0.39802,0.20156,0.41768,-0.57971,-0.17658,-0.25756,-0.32646,-1.7286,1.9214,-0.18037,0.13014,-1.2227,1.1901,-0.35668,-0.21123,-0.12372,-0.2071,0.87395,-0.44857,-0.23588,-0.054985,-1.3665,-0.070953,-2.4757,0.79034,0.092952,1.1081,0.97762,0.060934,-0.61343,0.65634,0.11116,1.2158,-0.39223,-0.11712,1.0317,-0.17052,1.9635,-0.17215,-0.17633,-0.21524,0.63033,-0.80263,0.66518,1.4577,0.094926,-0.75474,-0.34051,2.1378,-0.3036,-0.13386,-0.62579,-0.73722,1.6883,-0.20541,-0.51384,-1.4074,-1.44,-0.37427,-0.21576,0.067528,-0.2627,-1.6245,-0.0078239,0.22239,0.064013,-0.050774,-0.24221,-1.6992,-0.029477,-0.040557,0.0043101,-0.67744,0.14639,0.44936,-0.15594,-0.60779,-1.1165,-0.61091,-0.79986,-0.56438,-0.18714,-1.0568,-0.080414,-0.39947,-0.40052,-0.083219,-0.019666,-0.36398,0.14082,-0.53778,-0.27183,-0.57673,-0.56792,0.091675,-0.2606,0.45333,-0.75375,0.029752,0.061631,399
1.1037,0.74543,-2.0402,2.3586,1.5234,1.1066,1.1188,0.79854,-2.0233,0.45298,0.94645,0.78219,-0.47438,1.0747,1.0713,1.2,1.1457,1.0134,1.2644,0.77179,1.4664,1.7267,-0.66139,0.32838,-1.1263,1.0191,1.325,-1.25,0.9479,0.69828,1.1849,1.0954,-0.67354,0.12452,-0.33307,-2.1111,0.39165,-2.8532,0.88667,1.445,0.8566,-0.19946,1.0339,0.65313,-1.929,0.91327,0.89893,0.84559,-0.91559,0.9823,0.71639,0.50223,1.1884,-0.57003,1.1866,1.1435,0.86602,0.52968,0.12937,0.93156,0.90771,0.47035,-2.0391,1.1174,1.5409,-1.558,0.36061,1.4329,0.98138,1.2035,0.99527,1.9513,2.0275,0.97848,0.90841,0.78495,1.2232,0.73528,1.595,0.31867,1.6357,1.227,1.907,0.42477,0.961,0.87574,-1.3708,0.86954,0.73872,1.0011,0.53794,0.97362,0.40728,1.3083,1.3964,0.76166,-0.21792,2.4211,0.51694,-1.7283,1097
0.0033245,-1.131,0.97946,-0.68775,-1.0177,-0.54962,-0.70748,-0.93035,0.77729,-0.08501,-0.94493,-0.39801,0.34787,-0.72108,-0.8113,-0.20857,-0.84406,-0.044199,-0.65024,0.017075,-1.1153,-1.4922,0.29723,-3.6692,-0.46439,-0.3217,-1.1743,0.49646,-0.66105,-0.62162,0.35603,-0.31129,0.98288,-0.053855,-0.4181,1.1619,-0.49982,0.82673,-0.30572,-0.38855,-0.53766,0.77695,0.078473,0.083938,0.91393,0.34894,-0.20102,-0.29532,1.2582,-0.2908,0.006659,-0.30761,-0.21882,1.9367,-0.34556,0.084356,-0.45346,-1.2779,-0.21138,0.027273,0.073148,-0.20292,1.3217,-0.29749,-0.64236,3.4421,0.7181,-0.60555,-1.3136,-0.047085,-0.2229,-0.41399,-0.69101,0.13308,-0.0032048,-0.11536,-0.38992,-0.43186,-0.31456,0.12923,-0.065425,-0.3106,-2.8219,0.24989,-0.71036,-0.66711,1.1899,-0.18849,-0.44429,-0.66877,0.18345,0.32997,-0.34217,-0.80362,0.10162,-0.55519,-0.1061,-3.0441,-0.057914,0.5968,253
-0.16017,0.60086,0.18778,-0.035375,0.3507,-0.17289,0.05878,0.44767,-0.3226,-0.056447,-0.14584,0.45636,-0.050639,-0.075243,0.55951,-0.049842,0.51548,-0.1821,0.12861,-0.029442,-0.07727,0.54893,0.1349,1.3361,0.80291,0.026123,0.01639,-0.51393,-0.0097051,0.35491,-0.79516,0.035629,-0.67538,0.21655,0.25625,-0.5523,-0.2463,-0.60405,-0.17773,-0.081736,-0.42239,0.019182,-0.38601,-0.41128,0.38277,-0.27014,-0.40702,-0.1129,-0.73553,-0.063807,-0.14469,0.42757,0.14325,-0.85771,0.23604,-0.34528,0.17851,0.67346,-0.60213,-0.20301,-0.6206,0.13936,-0.77753,-0.082742,-0.09259,0.054012,0.79088,0.010577,0.32162,-0.10429,-0.42621,0.011948,-0.089847,-0.39271,-0.39083,-0.33542,-0.22287,0.76617,0.19512,-0.29343,-0.081446,0.3085,-0.84286,0.098889,0.35084,0.048074,0.032033,-0.2471,-0.13691,-0.24835,-0.085272,-0.15772,-0.24388,-0.10417,-0.045008,-0.22658,-0.27694,-0.34123,-0.18384,-0.30783,413
-0.93635,-0.76075,0.43653,1.0667,-0.63524,-0.14913,0.20629,0.43963,-0.34973,-0.47649,-0.14697,-0.11495,0.54411,-0.030122,-1.7449,-0.28305,-0.28533,-1.0084,-0.38901,-0.63741,-0.41215,-0.77455,0.1227,-1.1403,1.2519,-0.77982,-0.30282,-0.44597,0.082937,-0.043624,-1.0043,-0.22616,0.2373,-0.16424,0.25295,0.50062,0.1144,1.6941,-0.7768,-0.6153,-0.16,-0.094567,-0.036751,-0.2814,0.64922,-0.32945,-0.44176,-0.0040579,-1.0711,-0.2749,0.043178,-0.19887,-0.1148,-0.43027,-0.42285,-0.52859,0.075173,0.22258,-0.31694,-0.056708,-1.5148,-0.2453,1.1555,-0.36283,-0.96254,1.1504,0.78874,-0.17121,0.56936,-0.50646,-0.74799,-0.52767,-0.065454,-0.38927,-0.66357,-0.46199,-1.4185,-0.43612,0.0067754,-0.35526,-0.3266,-0.76375,-0.21263,0.23512,0.19039,0.39755,-0.27989,-0.48638,-0.49021,-0.64993,0.19945,0.077522,-0.39838,-0.13896,-0.33891,-0.39547,-0.018777,0.15816,-0.21466,0.5231,810
-0.12072,-0.14478,1.5174,0.4458,-0.52952,-0.75984,0.1596,-0.23882,0.80785,0.052335,-1.0094,-0.80307,0.048073,-0.094764,-0.63243,-0.40105,-0.17641,-0.069514,-0.35162,0.01364,0.0069499,-1.1172,0.27361,-1.0026,0.87467,-0.20178,-0.88561,0.9428,-0.01318,-0.74611,-0.54722,-0.55963,0.74571,0.14805,0.28885,0.2142,-0.18524,0.94755,-0.12069,-0.17491,-0.93258,0.11487,-0.25377,-0.14496,0.6948,-0.1356,-0.83487,-0.55446,0.86211,-0.15706,-0.29229,-0.52057,-0.33749,0.98029,-0.2842,-0.54337,0.57404,-2.1352,-0.075595,-0.058634,0.22635,-0.091975,1.5971,-0.34892,-0.29975,2.6705,-0.12572,-0.83142,-0.36817,0.017637,-1.1432,-0.60559,-0.29213,-0.000565,-0.15344,-0.40855,0.212,0.67462,0.17833,-0.12549,-0.35992,0.054927,-0.61926,0.034093,-0.63186,-0.59016,0.18505,-0.031922,-0.58383,0.19367,-0.2822,0.30463,-0.17439,-0.7537,-0.089862,-0.7998,0.17202,-1.8894,-0.17472,1.3793,325
-0.69929,-2.1168,2.5563,-1.6948,-0.60503,-0.96035,0.10442,-2.1816,1.3,-0.54089,0.26612,0.62532,0.18583,-1.2641,-0.71932,-0.20965,-0.34216,-0.6915,-0.60958,-0.5098,-0.44186,-2.4001,0.19686,0.90838,1.0675,-0.79105,-0.56421,-0.036061,-0.034112,-0.04258,-1.3212,-0.97519,0.49877,0.34343,0.80702,1.4782,-0.079901,1.1737,-1.0817,0.42942,-1.3746,0.51275,-0.41671,-0.0065193,1.6261,0.16953,-0.74421,-0.66964,-1.0668,0.30639,0.071909,0.41142,0.48648,0.68708,-0.16707,-1.2035,0.58922,1.7894,-0.32003,-0.32822,-0.48233,0.29617,1.1475,-0.58251,-0.46972,2.069,-1.6475,-0.91522,-0.16626,0.18117,-1.5967,-0.62384,0.20633,0.18473,-0.26094,-0.46376,0.31636,0.15739,0.11597,0.084981,-0.94527,-0.44319,-2.3945,-0.09163,0.49384,0.01648,-0.42684,0.41956,-1.1436,-0.89882,-1.2946,0.083986,0.25981,0.39139,-0.37658,-0.9745,-0.025062,-1.9023,-0.67722,2.2727,554
-0.090373,-1.2046,1.12,-0.55248,-0.40187,0.36356,-0.58549,-1.0355,0.3213,0.065926,-0.16705,0.58941,-0.30876,-0.10036,-0.76986,-0.16901,-0.57307,0.32308,-0.18692,0.47552,-0.039542,0.30558,0.031326,-3.1535,-0.65239,-0.10408,-0.23483,-0.15753,-0.062368,-0.072416,-0.49225,0.24163,0.96722,0.12058,0.39916,0.95761,0.10323,1.9004,0.49558,0.42495,0.050014,0.80848,0.41146,0.042521,-0.0067787,0.36508,0.55296,0.68568,0.69844,0.26155,0.10534,0.57195,0.11772,0.86773,0.29339,0.63096,-0.046792,-3.3593,-0.021787,-0.073042,0.62767,-0.46985,0.67547,0.05604,0.3459,0.50183,-1.0512,0.35287,-2.1534,0.17689,-0.000925,-0.19398,0.23485,0.57426,0.40069,0.31922,-0.03334,-2.0976,0.99083,-0.12186,-0.51979,-0.26558,-1.984,-0.06887,-0.31877,-0.62334,0.80556,0.56432,0.34264,0.096406,-0.18079,-0.25955,0.032687,0.59532,0.17183,0.32306,0.80849,-0.95968,0.5121,0.4755,312
-0.25762,-1.1361,0.65015,0.16045,-1.062,-0.58084,-0.78541,-0.93128,0.52065,-0.74727,-1.4614,-0.36483,-0.42655,-0.66192,-0.61902,-0.65238,-0.86705,-0.62354,-0.89096,-0.49077,-0.28672,-0.82674,0.39619,-3.1078,0.83368,-0.95823,0.24356,0.96481,-0.72753,-0.60547,-0.69581,-1.1947,0.69887,-0.69651,1.2471,-0.21585,-0.34093,2.7581,-0.94622,-0.57884,-1.275,-0.48563,-0.83377,-0.65875,-0.13037,-0.58803,-0.065842,-0.35436,0.17705,-0.55939,-1.3321,-0.5521,-0.99949,0.024029,-0.45829,-1.0045,0.091331,-2.3239,0.23962,-0.40277,0.035902,-0.89212,1.2633,-1.0466,-0.78519,2.9904,-1.3527,-0.71822,-1.0062,-0.20489,-0.49346,-0.97101,-0.6782,-0.5927,-0.46247,-0.33871,-0.44121,-0.424,-0.88971,-0.53809,-0.84875,-0.31794,-1.0045,-0.32178,-0.34679,-1.7094,0.91969,-1.1439,-1.0289,-0.5625,-0.7115,-1.1954,-0.15979,-0.45627,-1.1616,-0.16027,0.7654,-1.9709,-1.1122,0.049955,563
0.73403,0.52982,-1.6619,1.6822,1.1091,0.7518,0.93866,0.73751,-0.49923,0.51996,0.60391,0.48277,-0.43802,1.3438,0.83884,0.53247,1.757,0.53794,0.91038,0.46136,0.63135,0.65742,-0.68528,1.7545,-0.79213,0.45786,1.1297,-0.6629,0.757,0.52444,0.69726,0.60476,-1.0603,0.35459,-0.64226,-1.2527,0.84998,-2.1923,0.97651,1.2489,0.97433,-1.9073,0.60794,0.94966,-1.4173,0.73204,0.0013003,0.44775,-1.0819,0.59283,0.84915,0.42815,0.44541,-1.3252,0.54601,0.58924,0.85054,0.10026,0.12533,0.51274,0.3047,0.80687,-2.0269,1.033,0.39702,-1.8817,-1.1309,0.98069,0.68091,0.65182,0.51182,1.43,1.421,0.57139,0.57263,0.3798,1.0446,2.0905,0.44603,0.31754,1.7822,0.8712,1.9302,1.1943,0.69411,1.4853,-1.0791,0.96695,0.53535,0.52325,0.15187,0.4526,0.59269,0.64099,0.62244,0.44107,-1.2742,1.9603,0.63693,-1.4724,961
-0.093005,-1.7834,0.92898,-2.2042,-0.49095,-0.5776,-0.61905,-1.9005,-0.039151,0.000109,-0.089767,-1.3468,1.6344,-0.67057,-0.81492,-0.95144,-1.077,-0.12042,-0.39951,0.032927,-0.22765,-2.5146,1.7897,-4.3344,0.9746,-0.67531,-0.38534,0.90221,-0.49795,-1.1029,0.1644,-0.52914,-0.16106,-0.50885,1.166,-2.4926,-0.25798,3.6108,0.24219,-0.83631,-0.25388,-0.5672,-0.49277,-0.30883,1.8543,0.46906,-2.0259,-0.37677,1.0907,0.010316,-1.1667,-0.36393,-0.56815,0.95394,0.037412,0.60243,-1.835,-3.2561,0.030715,-0.48844,-0.53454,-0.036056,0.41951,-0.070125,-0.053574,0.61357,-0.090805,-0.85352,-1.2435,-0.043851,-0.68601,0.26717,0.36413,0.051631,0.013927,-0.16233,-3.4665,-1.4764,-0.61769,-0.038551,-2.6686,-0.16396,1.4909,-0.075093,-0.20656,-0.2875,1.0495,0.21318,0.26847,0.64757,-0.99461,-0.74672,0.033204,-0.59453,0.53567,-0.55909,-0.17812,-0.42777,-0.79813,2.2779,27
0.20914,-2.0248,1.5423,-0.72764,-0.65224,-1.0807,-0.16222,-1.3549,1.4466,0.0017924,-0.87435,-0.76418,-0.17033,-0.30337,-0.91296,-0.24705,-1.0434,0.1995,-0.75459,0.1536,-0.47578,-1.9158,0.29628,-5.7502,0.96268,-0.1882,-1.2844,1.1982,-0.09337,-1.403,0.60562,-0.65588,1.2833,-0.39006,0.45724,0.94415,0.43912,3.7601,-0.76767,0.22563,-1.0698,0.59841,-0.29604,0.18665,0.57606,-0.21135,-0.16639,-0.22358,1.2988,-0.057174,-0.19783,0.17208,-0.030166,0.89387,-0.21186,-0.32315,-0.85239,-5.0456,-0.93036,-0.22657,0.82055,-0.070307,2.1723,-0.31234,0.1731,4.0688,-0.51304,-1.2779,-0.18663,0.23577,-0.1387,-0.77888,-2.1823,0.43921,-0.4232,-0.0048547,-0.26615,0.13295,0.62151,0.34263,-3.0407,0.06701,-3.4854,-0.11896,-0.25401,-0.39972,1.2968,0.13823,-0.54898,0.63968,0.58028,-0.53481,0.017015,-0.54395,0.42949,-1.09,0.58638,-3.868,-0.078486,1.2885,198
-0.15429,1.5874,-1.061,-0.45981,0.043354,0.13783,0.12105,0.15245,-0.081344,-0.26793,-0.3334,0.80329,-0.14295,-0.61061,-0.3272,-0.18566,0.88858,0.47728,-0.10895,-0.55232,-0.1401,-0.5033,0.24704,2.6092,-0.12339,0.27875,-0.282,0.56849,-0.12985,0.11815,0.30547,-0.3118,-0.87839,-0.16503,-0.22723,-0.33247,0.28444,-1.3395,-0.17593,-0.00422,-0.025254,0.8696,0.041284,0.28754,-2.2316,0.51165,-0.17661,0.38972,-0.68504,-0.13289,-0.10711,0.076974,0.19693,0.0038273,0.02546,-0.24414,0.082036,0.76926,0.076652,-0.19756,-0.21679,0.17613,0.92342,0.37427,0.16528,-1.1061,-0.046249,0.37137,-0.89203,-0.17384,-0.72507,0.30197,-0.021741,-0.054133,0.1507,-0.068581,0.82217,0.43591,-0.20322,0.51502,0.39598,-0.32576,-0.92622,-0.1249,0.14565,0.18672,-0.000447,-0.094916,-0.28669,-0.50423,0.20124,-0.93855,0.52611,-0.067573,0.075204,-0.034391,-0.43552,0.036141,-0.15863,-0.37454,565
0.6454,2.2714,-1.388,1.4303,0.98698,1.4689,0.56917,0.61665,-2.8282,1.0737,0.894,0.78119,-0.26131,2.0357,0.75983,0.77706,1.3408,1.183,1.4239,0.87789,1.2783,2.4061,-1.3421,0.29646,-2.3989,1.1379,2.0019,0.25379,0.82751,0.21409,1.7442,1.1534,-0.95073,0.51789,-0.85421,-1.9017,0.90707,-3.4013,1.0783,1.6283,1.6477,-2.492,1.1563,0.90681,-2.84,1.3013,0.98373,0.45222,-1.4998,0.77937,0.83019,0.92954,1.3966,-0.87645,0.44474,1.0922,0.28793,0.89731,0.27328,0.98059,1.1042,1.1617,-0.89204,1.3129,1.0252,-1.7641,-1.7827,1.1527,1.0576,0.88395,1.1302,1.6232,1.5826,1.1214,1.3358,0.79688,0.14824,1.0181,0.50397,0.69966,1.4873,0.88371,2.7316,0.58219,0.44425,0.64869,-0.75163,1.243,0.86862,0.65452,0.45342,1.4546,0.49461,0.99936,1.1262,0.9944,-1.7299,2.8435,1.1,-3.0201,1165
0.70957,-2.2007,-0.82342,0.013375,1.5027,1.2178,0.85049,-2.2275,-1.1107,1.1831,1.0821,-1.8056,-0.24298,0.31283,0.57918,0.70719,0.64137,1.4375,0.58479,0.9794,0.25398,-1.9672,-0.60461,-5.2042,-0.92649,1.0706,-0.57811,-0.43955,0.21752,0.049027,1.5818,0.99475,1.6601,0.36793,-0.051828,1.0755,0.35574,-3.5766,1.3118,2.2143,0.88881,0.47219,1.405,0.24332,0.0067787,0.6789,0.93174,0.98047,2.6188,1.1458,0.83966,0.66589,0.95988,-0.078197,0.79482,1.76,-0.52834,-5.3408,0.30301,0.52323,1.6211,0.67356,-2.3273,0.75073,2.0415,5.2227,1.2555,1.3701,-1.8082,1.653,-0.061449,1.4416,1.6982,1.0231,1.6693,1.1471,-3.6312,-1.9881,0.394,-0.31387,0.63648,1.1257,-3.0386,0.27022,-0.30555,-0.36545,0.70192,0.17148,1.1001,0.98613,0.16375,0.91611,-0.024226,1.8159,1.7636,1.7338,-0.39985,-3.562,0.95094,-1.3591,285
0.17291,-1.1473,0.30115,0.046934,0.35241,-0.059539,0.0022931,-0.62623,0.015867,0.048985,-0.1657,0.71636,-0.6605,0.43056,-0.14706,-0.10791,0.11457,0.28084,-0.19051,0.36691,0.17851,0.24782,-0.060415,-2.0894,-0.17972,0.091493,0.21218,-0.34053,-0.16358,-0.26563,0.25152,-0.0081234,0.88199,0.22786,0.54401,0.052713,0.26582,-0.61916,0.075083,0.73583,-0.17287,-0.27878,0.0057964,0.27885,-0.92346,0.48602,-0.34649,0.013092,0.1448,0.11797,0.50438,0.34632,0.43793,-0.30545,-0.31151,0.13685,-0.31051,-2.0189,0.15587,-0.10062,0.36811,-0.0040479,0.77617,0.05302,0.69257,0.041319,1.0187,0.1885,-0.34436,0.60851,0.26381,0.24302,1.4462,0.17566,0.72842,0.069198,-1.2459,-0.11971,0.20925,-0.034735,-0.35638,0.30423,-0.046635,-0.11782,-0.095647,0.037987,-0.3459,-0.0058808,0.20771,-0.079753,-0.18835,0.21548,-0.065885,0.15024,0.38289,0.39122,0.45227,0.19989,0.058425,-0.44911,742
-0.46091,0.44769,-0.41333,0.038039,-0.49407,-0.54452,-0.40891,-0.51547,-0.0013809,-0.35586,-0.59619,-0.75391,0.81507,-0.23612,-0.62211,-0.056018,-0.51817,-0.49231,-0.1548,-0.42905,-0.074225,-0.75904,-0.19643,-2.2246,1.0856,-0.3278,-0.12745,0.25794,-0.14375,-0.12721,-0.24564,-0.11546,0.14731,-0.53417,0.048913,0.43598,-0.10984,1.9552,-0.53759,-0.56807,-0.016131,-0.061304,-0.21286,-0.16739,0.90773,-0.32123,-0.65266,-0.32237,0.26955,-0.13359,-0.23918,-0.027851,-0.42499,0.64747,-0.5393,0.070224,-0.89712,-0.53626,-0.12697,-0.44967,-0.53988,-0.35037,-0.024611,-0.21563,-0.56979,0.51088,1.48,-0.12237,-0.6915,-0.46134,-0.25008,-0.23111,-0.000369,-0.2131,-0.34337,-0.36762,-0.54792,-0.87518,-0.15706,-0.041992,-0.59776,-0.43051,-0.31745,-0.29087,0.018586,0.048594,0.24132,-0.13671,-0.31063,-0.22802,-0.1723,0.20888,-0.48988,-0.62214,-0.07394,-0.42779,0.04088,0.46207,-0.090868,0.0049179,396
0.41054,0.022769,-1.3774,-1.0296,0.86829,-0.27935,0.35154,1.6793,0.54223,0.089123,-0.042308,0.73228,0.62998,0.64123,1.9468,0.019244,0.95941,0.3178,0.74483,0.30672,0.64508,1.5271,0.65671,2.8692,-0.6758,-0.013393,-0.86863,0.90108,-0.11207,-0.62645,-0.78904,-0.71124,-1.1198,0.19075,-0.58855,-1.2773,0.11848,-1.8527,-0.33436,0.51067,-0.0036535,0.15753,0.19482,-0.46789,-0.7115,-0.58049,-0.79576,-0.70247,0.056263,0.10769,-0.26262,-0.17676,0.21157,0.67732,0.5853,-0.22276,1.0167,3.179,-0.51852,0.4564,0.27386,0.047811,1.6182,0.12871,0.46444,1.53,1.2714,-0.48386,0.95608,0.81686,-0.88374,0.13823,-0.028961,-0.30227,-0.093287,-0.026073,1.3954,0.71405,-0.31443,0.033604,1.8739,0.27691,-0.32051,-0.45372,0.12894,-0.024289,-0.74991,0.31531,0.001658,0.16654,-0.56788,-0.023155,0.14065,0.086503,0.6393,-0.27259,-0.9764,0.79691,-0.37821,0.24818,504
0.16136,-2.1423,0.94524,-1.2677,0.6007,-0.13317,0.12989,0.24313,0.79218,0.68282,-0.3646,-0.50912,0.46578,-0.91352,0.22459,0.34122,-1.547,0.10984,-0.3083,0.34537,-0.68265,-1.9177,0.21176,-3.5261,-0.6182,0.49213,-0.19268,0.35113,-0.51523,-1.4435,0.54223,-1.2844,0.67467,-0.019713,0.049273,-1.9321,0.54098,-1.2922,-0.59489,0.53832,-0.4587,0.65446,-0.0345,0.19088,-0.50848,-0.0040998,0.42023,0.44757,0.64195,-0.13808,-0.69981,0.23433,-0.36538,1.3196,0.41794,-1.048,-1.1888,-2.2859,-0.60369,0.83848,1.1853,0.39953,-0.24408,-0.60174,0.76142,-0.30193,-0.3193,-0.018639,-0.86667,0.6346,-0.54627,-0.083559,-0.69841,0.19148,-0.1273,0.26236,-0.75313,-0.39784,0.35867,-0.7589,-1.2756,0.42978,-3.5462,-0.1427,0.13846,0.26269,0.65138,0.27618,0.2655,0.49088,-0.099031,-0.52267,-0.23688,0.081389,0.48045,-0.58506,-0.087236,-2.5164,-1.1169,1.8105,554
-0.33664,-1.7903,0.85564,-1.6063,-0.32656,0.18466,-0.23917,-1.4112,-0.032103,0.026515,-0.31704,-0.45375,0.24098,-0.46249,0.77688,0.53962,-0.50914,0.000582,-0.24044,0.15213,-0.76103,-2.3011,0.096426,-5.5409,-0.6258,-0.018401,-0.92635,0.65291,-0.33251,-0.16972,0.079245,-0.34548,1.3379,0.02021,0.22578,-0.28199,0.49615,-0.51146,0.38699,0.36101,0.04916,0.33769,-0.10309,0.36717,0.74687,0.072779,0.37846,0.5679,0.90917,0.11567,0.24023,0.29768,-0.30565,1.01,-0.04041,0.18845,0.33609,-3.9937,0.037109,0.54578,0.408,0.28443,0.90418,-0.3698,0.68347,2.8289,0.0042953,0.036601,-1.0282,0.11225,-0.45064,0.08978,0.27594,-0.11671,0.15767,0.4704,0.41733,0.2267,0.10627,0.048027,-0.95218,-0.26783,-3.1799,0.13104,-0.2727,-0.001924,0.80753,-0.20902,-0.029259,0.36304,0.22906,-0.52895,-0.19382,-0.000701,0.1871,0.2281,-0.032526,-1.6676,-0.19955,1.2056,526
-0.10147,0.98553,1.0341,-0.78334,-0.32871,0.020234,-0.030928,-0.43494,0.67502,0.41479,0.12484,-0.66309,-0.14239,-0.6327,-0.23354,0.32518,-1.3419,-0.15957,0.24599,-0.53667,-0.13857,0.0031071,0.17388,0.80811,-1.4976,-0.30299,-1.3315,0.16124,-0.86978,-0.40143,-0.26932,-0.31583,1.3498,0.14466,-0.61673,-1.0064,-0.6517,0.68497,0.32107,-0.10293,0.047009,-0.038058,0.13102,-0.11605,0.28222,-0.49027,0.28967,0.1866,1.6187,0.12743,0.052766,0.14858,-0.16816,1.1083,-0.088027,0.16808,-0.30625,-1.0578,0.026742,0.18992,0.15273,-0.18197,0.46351,-0.54598,-0.0065937,3.2685,0.54807,0.021056,-2.1149,-0.37871,0.023813,-0.19242,-0.09352,0.082015,-0.19901,0.35452,0.80006,-0.67338,-0.19018,-0.4376,-1.0188,-0.49974,-2.4651,-0.2635,0.23793,0.1339,0.88864,-0.46003,0.030448,-0.3204,-0.35301,0.14777,-0.528,0.25798,-0.015978,-0.060552,0.1249,-1.0654,-0.13402,0.9949,714
0.8064,-1.4967,0.81275,1.158,-0.37563,0.13596,-0.2254,-0.16356,0.99983,0.30477,-1.0176,-0.39978,-0.38519,-0.068644,-1.0774,-0.25467,-1.0952,-0.097036,-1.2558,0.3161,-0.68022,-1.929,-0.081616,-5.3195,-0.28578,-0.21582,-0.84174,1.3495,-0.57784,-1.307,-0.059551,-0.83537,-0.093726,-0.13087,-0.37295,0.46498,0.11611,3.5213,0.082948,-0.31581,-0.67144,-0.52417,0.35646,0.10473,0.2833,0.68222,0.071735,-0.22458,1.984,0.18633,-0.28111,0.47003,-0.015136,1.3245,0.027018,-0.58319,-0.85571,-3.4263,0.44494,0.35883,0.63417,-0.12302,0.5192,-0.41483,-0.12457,2.1947,-1.3773,-0.18086,-1.4359,0.072682,0.24322,-0.40759,-0.64203,0.43816,0.015586,0.3054,0.8805,0.28631,0.24242,-0.28493,-1.9869,-0.088051,-2.7743,-0.52766,-0.59284,-0.8816,1.637,0.17049,0.24365,0.57,0.22113,-0.36098,0.31457,0.033899,-0.047727,0.1992,0.64067,-4.2389,-0.012833,-0.017411,823
0.41051,1.3121,-1.6385,1.4944,1.1221,0.70994,0.62847,-0.099312,-1.7986,0.44062,0.32018,0.64371,-1.0984,0.43754,0.71694,0.038535,0.72503,1.6312,0.59721,0.79285,0.18596,1.8927,-0.36483,2.8455,-0.80767,1.2521,0.64736,-0.28185,0.044774,0.69642,1.7678,1.3238,-1.2576,0.2696,-1.1447,-4.1145,0.58862,-3.5413,0.87413,1.5268,0.72231,0.26207,0.17357,0.8853,-2.26,0.32523,0.46996,0.19038,0.0059133,0.24616,-0.093101,-0.38311,0.12437,-1.7729,0.48525,0.18936,0.24459,0.3951,0.096319,0.40105,1.4034,0.99148,-1.9831,0.85676,0.96498,-1.7714,-3.6732,0.57572,0.31859,1.0259,0.35953,0.71924,-0.11099,0.26636,0.39133,0.58504,1.5656,1.0596,0.066988,-0.018553,1.4792,1.4192,0.23855,-0.024667,0.27038,0.53623,-0.51258,0.27557,0.14091,0.9068,-0.099128,0.16653,0.29011,-0.14832,0.97389,0.23135,-1.5599,1.027,0.29574,-1.0115,790
-0.19709,-0.98885,0.99983,-1.5557,-1.6042,-0.9335,-0.25503,-1.0124,1.3632,-0.54323,-1.5241,-0.93629,0.24848,-0.42347,-1.2578,-0.28696,-0.72548,-0.81569,-0.64937,-0.58651,-0.30102,-2.0112,0.63414,-5.0149,0.28622,-0.95331,-0.63649,1.098,-0.075821,-0.28706,0.3632,-0.74543,1.2033,0.045034,0.22256,1.5533,-0.22202,-0.23853,-0.64838,-1.2663,-0.1438,0.69123,-0.3578,-0.62963,0.23972,0.063286,-0.17779,-0.047263,1.2143,-0.56933,0.05441,-0.41021,-0.11992,1.2267,-0.81428,-0.73448,-0.66726,-1.7387,0.032675,-0.43525,-0.48817,-0.71866,1.5665,-0.66533,-1.3204,1.7775,0.19825,-0.90525,-0.6482,-0.72088,-0.66892,-0.15911,-0.5127,-0.087283,-0.10592,0.18893,-0.97385,-0.073124,-0.60489,0.19034,-0.31293,-1.1824,-2.0862,-0.093058,-0.42858,-0.28965,0.77726,-0.12978,-0.67917,0.062467,-0.28943,-0.38394,0.37499,-1.213,-0.9295,-0.8669,0.48762,-2.3286,0.096805,0.81435,533
-0.21788,-0.70369,0.39471,-0.34041,-0.34105,-0.12057,-0.44351,-0.60158,-0.19414,-0.29501,-0.44865,-0.28355,-0.24322,0.062275,-0.26461,-0.4749,-0.35708,-0.076913,-0.10307,-0.1811,-0.80147,-0.26892,-0.06608,-1.6008,-0.15072,-0.21599,-0.046144,0.78245,-0.47318,-0.8536,0.11742,-0.47428,0.51227,0.032959,0.50354,0.040721,-0.16304,0.64922,-0.038049,-0.45313,-0.57748,-0.3291,-0.25292,0.15299,0.097908,-0.0073528,0.30382,-0.0069361,1.2617,-0.16258,-0.70826,-0.35578,-0.48871,0.72994,-0.26242,-0.24085,-0.84776,-1.9129,0.038722,-0.28132,0.14598,-0.25801,0.96246,-0.40895,-0.33426,1.5128,-1.0605,-0.85012,-0.58945,-0.19163,-0.29662,-0.24091,-0.11588,0.038178,-0.22524,-0.11769,-0.1083,-0.58363,-0.069417,-0.42531,-1.3088,-0.11522,-1.6075,-0.16113,-0.39286,-0.47391,1.4132,-0.56503,-0.13262,-0.16238,-0.090135,-0.33439,-0.28432,-0.42335,-0.30671,-0.26891,0.35306,-2.025,-0.12921,0.359,363
0.45777,-1.0233,0.17553,0.98407,-0.1125,-0.23922,-0.0022931,0.0053587,0.86241,0.15479,0.042597,0.38168,0.027952,-0.50456,0.33427,-0.44011,-0.44471,-0.12298,0.031446,-0.51009,-0.45593,0.43618,-0.45181,-1.4403,-0.91316,-0.56385,-0.32155,0.28508,-0.2686,0.0036368,-0.96982,-0.669,0.34301,-0.12337,-0.8418,-1.9689,-0.39171,2.3827,0.30515,-0.85852,-0.54845,-0.087156,0.26338,-0.33957,-0.74998,0.49628,0.19463,-0.45241,0.85417,-0.12325,0.049582,-0.021146,-0.42181,0.49825,-0.043408,-0.88641,0.73035,0.84961,0.13744,0.3692,-0.10099,-0.44092,0.6749,-0.31096,-0.22494,1.6068,-0.93067,-0.2363,-1.1396,-0.27836,0.44922,-0.36267,0.49239,-0.049829,0.010625,-0.21524,0.15844,1.3661,0.14933,-0.45464,-0.13681,0.046462,0.95479,-0.47881,-0.32624,-0.99893,0.65257,-0.36826,-0.092505,-0.078722,-0.36697,-1.4682,-0.23707,0.032288,0.0036626,-0.0095873,-0.15889,-0.43176,-0.32323,2.6635,412
-0.8541,-1.1665,0.31676,1.5146,-0.28324,0.055209,-0.11243,-0.087755,-0.94604,0.17484,-0.19922,-0.19402,2.1128,0.20943,-0.77447,1.009,-0.087217,0.1477,-0.000197,-0.02239,0.93656,-0.77441,-0.34819,-1.7403,1.4306,0.17851,0.14724,-0.57393,0.63192,0.51208,-0.016324,1.0979,0.073017,-0.25983,0.13626,1.1875,0.90456,1.3673,-0.31115,0.24362,0.79808,0.65677,0.60986,0.24541,0.16956,0.24788,0.26549,1.0407,-0.95135,0.25719,0.65993,0.66444,0.473,-0.68975,-0.13008,0.23077,-0.53563,-0.13642,0.054492,0.13092,-0.75734,-0.050418,1.7129,0.14773,0.53751,0.90982,2.3748,1.5342,0.20781,-0.20843,0.3752,-0.24319,0.031591,0.38053,-0.36945,0.65945,-1.3226,-2.7983,0.58882,0.061938,-0.10131,-0.81095,0.52414,0.54537,0.90083,0.0055051,-0.50083,0.63199,-0.014369,-0.18508,0.34797,-0.0098505,0.21066,0.38345,0.15171,0.26095,0.43674,1.8331,0.37151,-1.1806,364
0.84764,0.33527,-1.4463,1.7658,0.72896,0.64725,0.11254,0.76164,-0.60325,1.3439,0.7088,1.5894,-0.42486,0.51352,2.3073,0.45008,0.93441,1.653,0.77275,0.98389,1.0252,2.2461,-0.26463,0.80325,-0.27674,0.95134,2.417,-0.53151,0.26716,1.3452,2.4067,1.1428,-0.79995,0.17631,0.25795,-3.1386,1.0833,-1.118,1.1659,1.0037,0.39959,0.61625,0.041097,0.010132,-2.7111,0.5743,0.12356,0.43074,-0.57928,0.31633,-0.0034909,0.16457,0.08197,-0.96047,0.6408,1.2218,-0.090903,2.1594,0.73082,-0.27726,1.2288,0.17579,-2.6669,0.73955,1.4893,-2.092,-1.7521,1.0183,0.32784,1.4287,0.55885,0.4045,0.000369,1.2991,1.4699,0.63021,1.0667,-0.621,0.5419,0.71741,1.0859,0.80789,1.4791,1.4035,-0.21637,0.10531,-0.32272,0.40191,0.34853,0.74424,0.0081916,0.91316,0.27856,0.5278,1.7821,1.1617,0.86816,2.2293,0.37026,-1.1148,1304
-0.90039,-1.3555,0.94774,-1.937,-0.75801,-0.018503,-0.053313,-0.99766,2.2871,-0.55729,-0.02219,-0.88054,0.32062,-0.55474,-0.37751,-0.1243,-0.036312,-0.35462,-0.55055,-0.3883,-0.32602,-2.1089,1.1452,-3.3854,1.5231,-0.29155,-1.0144,0.88805,-0.60973,-0.11634,-0.42428,-0.32954,1.706,-0.13841,-0.13469,1.5682,-0.0035858,0.58827,-0.65741,-0.82435,0.25202,0.94738,-0.85659,-0.10221,1.1686,-0.18464,0.15794,0.15518,0.089612,-1.1591,-0.11005,0.016821,-0.40166,1.226,-0.25609,-0.53617,0.23676,-0.11788,-0.70929,-0.65866,-0.79488,0.063896,1.3444,-0.092365,-0.77547,3.5439,-1.7215,-0.34153,-0.16056,-0.75262,-1.3716,-0.0068297,-0.76244,-0.20966,0.084961,-0.005446,-1.8988,0.2358,-0.81652,-0.16379,-0.4949,-0.64551,-2.5167,0.085633,-0.40534,-0.46074,0.18653,-0.26117,-0.27186,-0.37031,0.18255,-0.3167,0.27033,-0.82087,-0.30425,-0.40159,-0.19911,-2.1,0.1553,1.8846,455
0.1623,0.06178,-1.0095,-0.081773,-0.30487,0.17538,-0.046439,-0.45807,0.20347,0.056953,0.3855,0.47681,-0.050529,0.43141,-0.69216,0.053436,0.34902,-0.1332,-0.56988,-0.21017,-0.19136,1.3886,-0.2848,-4.1502,-0.49632,-0.27801,-0.051971,-0.70494,0.61128,-0.18763,-1.3544,-0.024261,1.4969,0.26651,0.62687,-0.076245,-0.3164,-0.95857,0.56357,0.42947,0.32164,0.76099,0.087383,-0.29296,-1.9326,-0.22274,0.18146,0.36632,0.093963,0.30591,0.26281,0.21869,0.094127,0.046046,-0.13086,0.40465,1.4853,-3.5935,0.54189,-0.0069551,0.14024,-0.91795,-0.77721,-0.1351,-0.19149,-1.7088,0.62742,0.36889,-0.25924,0.44933,0.051656,-0.08862,1.4639,0.25192,0.39438,-0.015543,0.52557,-0.87977,0.35328,-0.37969,0.25555,-0.43471,-1.7632,-0.38014,0.0025659,0.17391,0.38167,-0.46743,0.42757,-0.15865,-0.13863,-0.34768,-0.002625,0.23065,-0.094436,0.50159,0.50294,0.11059,0.44894,0.4733,145
-0.21753,-1.2367,0.26249,-1.4207,-0.89337,-0.47285,0.03108,-0.28037,2.0077,0.069374,-0.75774,-1.3137,0.38105,-0.079759,-1.4106,-0.10878,-0.89233,-0.28066,-0.083584,0.10914,-0.96472,-0.92566,0.013659,-4.0499,-0.18609,-0.32971,0.13847,0.20143,-0.63135,-1.0857,-0.70986,-0.29638,0.62299,-0.09323,-0.058586,0.53709,-0.54341,2.5629,-0.074066,-0.20356,-0.22591,1.0619,0.068355,-0.02659,1.0424,0.14714,0.27884,0.30626,1.6083,0.007153,-0.52774,-0.032554,-0.022616,0.52877,-0.5826,0.15344,-0.71406,-1.5079,-0.20833,-0.069942,0.40863,-0.13337,1.3446,-0.5719,-0.50852,1.6672,-0.7393,-0.62508,-0.68125,-0.25961,0.23377,-0.27905,-0.25799,0.377,-0.2429,-0.084356,-0.52894,-0.4435,0.47881,-0.044387,-1.4151,-0.47419,-2.2101,-0.40055,-0.057877,0.12745,0.49523,-0.040089,-0.28014,0.31351,0.28555,0.015121,-0.42736,-0.52052,-0.23543,-0.62335,-0.12154,-2.0837,-0.15867,1.4412,584
-0.092938,-0.54104,-0.44451,1.1741,0.93362,0.86667,-0.34511,0.30657,0.17454,0.40076,-0.44907,0.62741,-0.61998,0.74658,0.82714,-0.021457,0.14118,1.2715,0.55069,1.1958,0.49952,1.972,-0.082455,-0.0084887,-0.054036,0.7653,0.90878,-0.56618,0.16374,0.064118,1.4435,1.1708,0.83237,0.013229,0.40268,-0.31929,0.26557,-2.0607,1.3502,0.96135,0.70219,-0.47373,0.43737,0.23344,-0.094318,0.41118,0.57587,0.33711,-0.24816,0.051889,-0.058667,0.50294,0.14828,-0.5191,-0.31707,0.7035,-0.069714,-2.32,0.63109,-0.28576,1.4115,-0.27602,0.024611,0.49935,1.5763,-0.64539,1.2024,0.70123,-0.010864,1.2277,0.68286,1.1722,1.1151,0.2472,0.76328,0.67673,-0.50735,-1.1284,-0.077083,0.09178,1.0527,0.96312,0.88249,-0.016127,-0.12127,-0.32196,-0.47147,0.020423,0.45361,0.10933,-0.34061,-0.38278,-0.21805,0.34549,0.89918,1.3633,0.32831,1.1953,0.85091,-0.50458,567
0.48694,0.65467,-1.5865,-1.0767,-0.1331,0.20884,-0.13171,0.97918,-0.47692,0.21695,0.17222,0.25137,-0.18204,0.0031934,0.97095,-0.06801,-0.090405,0.097702,0.028505,-0.052145,-0.6477,0.16361,0.60905,0.54026,-1.8349,-0.24982,-0.3437,1.9975,0.2024,-0.14908,0.51709,0.13312,-1.6325,-0.76059,-0.37439,-2.6543,-0.19845,5.6098,0.51591,-0.42768,0.23738,-0.50475,-0.33229,0.2757,-2.1504,-0.036256,0.10799,-0.32785,-0.20097,-0.13952,0.061804,-0.37915,0.26409,0.74379,0.41592,0.57626,-0.75657,1.071,-0.083435,0.81434,-0.47396,0.2717,-1.7772,0.45259,-0.14087,-1.4701,1.1095,0.17613,0.11339,-0.54432,0.71902,0.1397,-0.32116,0.13373,0.46998,0.04607,0.51264,1.1908,-0.73579,0.60048,-0.17221,0.084595,1.3368,0.025122,-0.38032,-0.85674,0.66686,0.073998,0.60129,0.24637,-0.32529,0.67279,0.040735,0.26139,-0.16671,0.37392,-0.75644,-0.34329,0.17537,-1.2556,414
-0.13921,-0.28447,-0.96281,-0.31833,0.37352,0.55254,0.0587,-0.32649,-0.10865,0.49635,0.10444,1.3436,-0.32549,-0.15799,-0.28473,0.49244,0.28469,0.93881,0.34046,0.62724,0.64797,-0.14676,-0.37458,0.32991,-0.53835,0.55482,0.55741,-0.068466,-0.19923,-0.48833,0.76245,0.98758,-0.80009,-0.27763,-0.11443,-1.8783,0.68963,-1.8053,0.56222,1.2189,0.536,0.85734,0.71033,0.80175,-2.542,1.1492,0.53739,1.0122,0.23071,0.19904,0.40022,0.26764,1.0518,-0.21511,-0.1047,0.23357,-0.72207,-1.4634,-0.068314,0.26284,0.63871,0.74469,-0.89619,0.98165,1.2364,1.2494,-1.0621,0.90495,-0.47199,0.63556,0.19327,0.96187,-0.14016,0.82053,0.83843,0.82788,-0.0012102,0.30229,0.30828,0.44122,-0.081887,0.32585,0.50532,0.1927,0.0026841,-0.01686,0.69388,0.1416,0.31425,-0.11651,0.015665,0.19809,0.275,0.70766,0.28498,0.82823,-0.68555,1.1014,0.51577,-1.4926,429
0.54578,1.7139,-0.688,0.68412,0.36504,0.24402,-0.018849,-0.65596,0.044564,0.61487,0.20488,2.3868,-0.83893,0.33233,0.27981,0.47723,0.5654,1.1416,-0.0086808,0.69311,0.78461,0.4111,-0.67574,0.70852,-1.2646,0.63098,-0.042261,-0.64945,0.56477,0.36597,0.66772,0.92183,-0.50342,0.51957,-0.32957,-1.2548,0.43824,-2.1787,0.66131,0.74571,0.81324,-0.78687,1.2287,0.68576,-3.0344,1.7572,1.3811,1.2987,-1.1943,0.30028,0.80788,0.67761,1.3837,-0.16126,0.93927,0.70029,-0.26906,-1.7478,0.32008,0.082366,0.78751,0.37704,0.53169,0.588,1.0775,0.60476,-2.0413,1.2593,-0.36065,0.9108,0.59978,0.34408,0.11478,1.1742,-0.19321,0.96957,1.5243,0.14871,0.74468,0.63279,1.4538,0.14947,0.96606,0.56193,0.56407,0.36199,0.0086951,0.5369,0.33788,0.6308,1.2655,0.50435,0.97947,0.99961,0.80554,0.44994,0.19825,0.98426,0.68167,-1.608,653
-0.44337,-0.15528,-0.35034,-0.029293,-0.19212,-0.28799,-0.002522,-0.028636,0.97881,-0.57428,-0.51254,-0.31139,1.5332,0.098269,-0.92394,0.096122,0.14815,-0.093257,-0.45465,-0.059115,0.14615,-0.36639,-0.27432,-1.6152,1.5704,-0.20662,-0.31483,-0.29346,0.044214,0.17476,-0.55817,0.26208,0.90441,-0.13787,0.037567,1.9651,0.2503,1.7925,-0.0074897,-0.34268,0.015408,0.64817,0.066455,0.12804,1.1459,-0.28125,0.11836,0.21736,0.052482,-0.18985,-0.20995,-0.21496,-0.18204,0.26401,-0.21178,-0.57584,-0.24618,-0.72823,-0.25075,-0.033713,-0.50512,-0.34187,1.0788,0.086306,-0.31147,1.0131,1.938,0.61013,-0.3805,0.017455,-0.40464,-0.36608,-0.01342,-0.13117,0.016049,-0.16735,-1.3793,-0.78357,-0.061016,0.36335,-1.2646,-0.12729,-0.64905,-0.016312,-0.0025659,-0.45881,0.27168,0.12435,0.032879,-0.41935,-0.1074,0.26135,-0.20503,-0.26755,-0.37912,0.13078,0.11928,0.23187,0.31636,0.52472,145
0.11224,-1.5424,1.1803,-1.8085,0.81683,-0.34276,-0.18771,-1.9052,0.12354,-0.19271,-0.35551,-1.6446,-0.11009,0.46135,1.3291,-0.68496,0.1161,0.75907,0.6104,0.58742,-0.61301,-2.4926,0.70294,-2.7966,0.11053,0.50214,-0.8049,0.98724,-0.8036,-1.4827,1.8442,0.48358,1.503,-0.58953,1.1654,0.1727,-0.59948,-0.13304,0.50588,0.48941,-0.25215,0.19717,-1.3728,0.36932,2.4109,-0.34224,-0.41893,-0.16728,1.1952,-0.48272,0.1307,-0.60142,-0.094172,1.0082,-0.27588,0.68935,-0.56115,-0.98955,-0.969,-1.1742,0.078848,0.94691,-0.80099,0.092488,0.74714,2.3116,2.3314,0.6227,-3.0569,0.42098,0.075927,-0.057205,-0.68152,-0.15109,-0.7751,0.35944,-2.9557,1.5218,-0.42333,0.2714,0.66572,0.61678,-2.2741,0.29808,-0.39553,-0.81043,0.08582,0.66742,-0.14815,0.27703,-0.46997,0.65909,0.43331,-0.026831,-0.63117,-0.42048,-0.20295,-3.2804,-0.21222,-0.41211,313
0.81934,0.93444,-0.78822,-0.053607,0.79388,0.32837,0.82878,-0.37813,0.17589,0.49631,1.0256,2.4389,-1.6696,0.62805,-0.089283,0.057888,0.68954,0.69876,0.42254,0.62826,0.87936,1.071,-0.17325,-0.23369,-0.72514,0.15969,-0.10018,-0.97233,0.21644,0.93346,0.5319,0.54261,-0.69406,0.30209,-0.98894,0.177,0.37411,0.64487,0.38296,1.4697,-0.044007,-0.72577,0.53764,0.43717,-1.8548,1.1471,0.46182,0.14124,-1.5208,0.52152,0.73505,0.27988,1.1054,-0.63748,0.57114,0.81998,0.96242,0.88072,0.090075,0.0019579,0.76101,0.41513,-0.40656,-0.091685,0.96069,-1.1117,0.45947,0.88825,0.35996,0.95893,0.49608,0.26199,0.35699,0.80526,0.29104,0.36083,0.83961,-0.31628,0.48154,0.0041485,0.21444,0.26021,1.0519,0.059321,0.81217,0.78155,0.20247,0.105,0.21675,0.61402,0.39862,0.137,0.44542,1.2836,0.52957,-0.25492,0.041586,0.47907,-0.034906,-0.58522,962
0.38907,1.7826,-1.4738,0.56259,0.1603,-0.19535,0.020487,0.83328,-0.84184,-0.078268,-0.14041,0.83404,-0.3215,-0.86611,3.1027,-0.053143,1.1027,0.26487,-0.071301,0.19138,0.24084,0.44848,-0.085319,2.497,-0.95223,0.021383,0.26079,0.019085,-0.010496,0.07267,0.70632,-0.28786,-1.1454,0.067375,-0.42541,-2.4207,0.44279,-2.7679,0.28764,0.13785,-0.16665,-0.24968,0.31571,0.2311,0.022159,0.088243,-0.5614,0.46582,-1.3589,-0.34085,-0.25094,-0.4436,-0.060925,0.57339,-0.089666,0.44195,1.6285,2.5802,-0.19446,0.8938,0.1498,0.19643,-2.0554,0.157,0.16227,-2.5102,-1.1552,0.13389,0.33766,0.43653,-0.74854,-0.52107,0.72167,-0.47138,0.46813,-0.20836,0.98879,0.34016,-0.29736,0.90925,1.0951,0.11261,1.0553,-0.38495,-0.2188,0.0016417,-1.0066,-0.1173,-0.001658,-0.94582,-0.362,0.071968,-0.2945,0.213,0.54228,0.54204,-0.67984,-0.14887,-0.27139,0.86252,826
-0.35701,-1.5359,1.174,-0.33638,-0.20179,-0.33608,-0.21925,-1.0653,1.1265,0.10834,0.15503,-0.45419,0.73892,-0.89317,-1.0597,0.301,-0.85729,-0.49429,0.062667,-0.63224,0.32712,-1.6942,1.1582,-4.9053,1.4107,-0.59588,0.92964,1.6468,-0.5703,-0.66283,0.33533,-1.2998,1.3152,-0.8667,0.24061,1.768,0.55833,2.1857,-0.58859,0.24519,-0.93023,-1.2195,-0.65243,-0.15798,1.209,0.12248,-1.0888,-0.83249,1.5897,-0.24934,0.31175,-0.72136,-0.013888,1.4271,0.4538,-0.70525,-0.64856,-0.54401,-0.73771,-0.26933,-0.10926,0.37262,0.29622,-0.75541,0.1894,-0.08777,-1.2338,-1.6625,-0.88036,-0.41732,-0.41595,-0.039882,-0.22225,-0.47179,-0.026519,0.59038,-1.8807,-0.13277,-0.95351,-0.85578,-1.1508,-0.20027,-1.6999,-0.24682,-0.80032,-0.18835,1.2146,-0.74048,-0.74721,-0.02567,-1.1838,-2.0573,-1.0148,-0.4722,-0.59659,-0.3546,0.60525,-2.3756,-0.075048,1.14,257
0.47024,2.6611,-2.024,2.485,0.84591,1.2681,0.32713,0.18383,-2.0374,0.50586,0.79839,1.0303,-0.49806,0.89149,0.62733,0.40567,1.464,1.1618,0.62482,0.86119,0.96517,2.9491,-0.24337,2.3286,-0.2358,0.82063,0.9694,-0.42651,0.36487,0.57794,1.2816,1.4835,-0.95834,-0.019448,0.1818,-1.3295,0.62997,-1.7524,1.2667,0.92538,1.1324,0.064511,1.0536,0.60384,-3.1019,0.72141,0.78303,0.36129,-0.53343,0.75052,0.31609,0.066599,1.0208,-0.4695,0.71108,0.78693,-0.29584,0.40612,0.025421,-0.059223,1.1803,-0.16491,-3.075,1.0387,1.1258,-1.8335,-1.3921,1.4804,0.64028,0.83687,0.55387,1.3024,-0.22016,0.96172,1.0744,0.92304,0.68094,0.56662,-0.43124,0.59314,2.0568,0.80971,0.36823,0.90643,0.63315,0.68847,-1.3973,0.78361,0.56835,0.76246,0.24398,1.1138,0.49504,1.0489,1.1109,0.63119,-0.80907,1.2615,0.56269,-1.7103,593
